[
  {
    "ticker": "AEYE",
    "close": "11.77",
    "country": "USA",
    "effective_date": "2020-08-05",
    "name": "AudioEye, Inc.",
    "open": "13.85",
    "percent_change": "-15.018050541516246"
  },
  {
    "ticker": "ARHTF",
    "close": "0.367",
    "country": "USA",
    "effective_date": "2020-08-05",
    "name": "ARHT Media Inc.",
    "open": "0.433",
    "percent_change": "-15.242494226327945"
  },
  {
    "ticker": "DK",
    "close": "15.36",
    "country": "USA",
    "effective_date": "2020-08-05",
    "name": "Delek US Holdings, Inc.",
    "open": "18.09",
    "percent_change": "-15.091210613598676"
  },
  {
    "ticker": "GPOR",
    "close": "1.03",
    "country": "USA",
    "effective_date": "2020-08-05",
    "name": "Gulfport Energy Corporation",
    "open": "1.22",
    "percent_change": "-15.573770491803273"
  },
  {
    "ticker": "RGDFF",
    "close": "0.08738",
    "country": "USA",
    "effective_date": "2020-08-05",
    "name": "Reunion Gold Corporation",
    "open": "0.104",
    "percent_change": "-15.980769230769226"
  },
  {
    "ticker": "STKL",
    "close": "6.35",
    "country": "USA",
    "effective_date": "2020-08-05",
    "name": "SunOpta Inc.",
    "open": "7.53",
    "percent_change": "-15.670650730411694"
  },
  {
    "ticker": "WSCRF",
    "close": "0.06505",
    "country": "USA",
    "effective_date": "2020-08-05",
    "name": "North American Nickel Inc.",
    "open": "0.077",
    "percent_change": "-15.519480519480524"
  },
  {
    "ticker": "ZENYF",
    "close": "0.3735",
    "country": "USA",
    "effective_date": "2020-08-05",
    "name": "Zenyatta Ventures Ltd",
    "open": "0.443",
    "percent_change": "-15.688487584650115"
  },
  {
    "ticker": "ARCW",
    "close": "0.35",
    "country": "USA",
    "effective_date": "2020-08-05",
    "name": "ARC Group Worldwide, Inc.",
    "open": "0.42",
    "percent_change": "-16.666666666666668"
  },
  {
    "ticker": "BPSR",
    "close": "0.04",
    "country": "USA",
    "effective_date": "2020-08-05",
    "name": "Biotech Products Services and Research, Inc.",
    "open": "0.048",
    "percent_change": "-16.666666666666668"
  },
  {
    "ticker": "BWEN",
    "close": "3.99",
    "country": "USA",
    "effective_date": "2020-08-05",
    "name": "Broadwind Energy, Inc.",
    "open": "4.8",
    "percent_change": "-16.874999999999993"
  },
  {
    "ticker": "CHKDG",
    "close": "0.7701",
    "country": "USA",
    "effective_date": "2020-08-05",
    "name": "Chesapeake Energy Corporation",
    "open": "0.925",
    "percent_change": "-16.745945945945948"
  },
  {
    "ticker": "EVER",
    "close": "41.689999",
    "country": "USA",
    "effective_date": "2020-08-05",
    "name": "EverBank Financial Corp",
    "open": "49.990002",
    "percent_change": "-16.603326001067167"
  },
  {
    "ticker": "GATA",
    "close": "0.025",
    "country": "USA",
    "effective_date": "2020-08-05",
    "name": "Groupe Athena Inc.",
    "open": "0.03",
    "percent_change": "-16.66666666666666"
  },
  {
    "ticker": "GBBT",
    "close": "0.65",
    "country": "USA",
    "effective_date": "2020-08-05",
    "name": "Global Boatworks Holdings, Inc.",
    "open": "0.78025",
    "percent_change": "-16.693367510413328"
  },
  {
    "ticker": "GNYPF",
    "close": "0.0251",
    "country": "USA",
    "effective_date": "2020-08-05",
    "name": "Gainey Capital Corp.",
    "open": "0.03",
    "percent_change": "-16.33333333333333"
  },
  {
    "ticker": "INIS",
    "close": "0.05",
    "country": "USA",
    "effective_date": "2020-08-05",
    "name": "International Isotopes, Inc.",
    "open": "0.06",
    "percent_change": "-16.66666666666666"
  },
  {
    "ticker": "PRRY",
    "close": "0.003",
    "country": "USA",
    "effective_date": "2020-08-05",
    "name": "Planet Resource Recovery, Inc.",
    "open": "0.0036",
    "percent_change": "-16.666666666666664"
  },
  {
    "ticker": "RSPI",
    "close": "0.0072",
    "country": "USA",
    "effective_date": "2020-08-05",
    "name": "RespireRx Pharmaceuticals Inc.",
    "open": "0.0086",
    "percent_change": "-16.27906976744186"
  },
  {
    "ticker": "SCOO",
    "close": "0.15",
    "country": "USA",
    "effective_date": "2020-08-05",
    "name": "School Specialty, Inc.",
    "open": "0.18",
    "percent_change": "-16.666666666666668"
  },
  {
    "ticker": "IBXNF",
    "close": "0.1548",
    "country": "USA",
    "effective_date": "2020-08-05",
    "name": "IBEX Technologies Inc.",
    "open": "0.1875",
    "percent_change": "-17.44"
  },
  {
    "ticker": "LRSV",
    "close": "0.01076",
    "country": "USA",
    "effective_date": "2020-08-05",
    "name": "Link Reservations Inc.",
    "open": "0.013",
    "percent_change": "-17.230769230769223"
  },
  {
    "ticker": "SPDC",
    "close": "0.024",
    "country": "USA",
    "effective_date": "2020-08-05",
    "name": "Speed Commerce, Inc.",
    "open": "0.029",
    "percent_change": "-17.24137931034483"
  },
  {
    "ticker": "BNDSF",
    "close": "0.35",
    "country": "USA",
    "effective_date": "2020-08-05",
    "name": "Banco de Sabadell, S.A.",
    "open": "0.43",
    "percent_change": "-18.604651162790702"
  },
  {
    "ticker": "OTOW",
    "close": "0.0013",
    "country": "USA",
    "effective_date": "2020-08-05",
    "name": "O2 Secure Wireless, Inc.",
    "open": "0.0016",
    "percent_change": "-18.750000000000007"
  },
  {
    "ticker": "AMGDF",
    "close": "0.77",
    "country": "USA",
    "effective_date": "2020-08-05",
    "name": "ALAMOS GOLD INC WTS 30/08/18 (T",
    "open": "0.952",
    "percent_change": "-19.117647058823525"
  },
  {
    "ticker": "AZURF",
    "close": "0.02921",
    "country": "USA",
    "effective_date": "2020-08-05",
    "name": "Azincourt Uranium Inc.",
    "open": "0.0362",
    "percent_change": "-19.309392265193377"
  },
  {
    "ticker": "GAWK",
    "close": "0.0075",
    "country": "USA",
    "effective_date": "2020-08-05",
    "name": "Gawk Incorporated",
    "open": "0.00935",
    "percent_change": "-19.786096256684502"
  },
  {
    "ticker": "MOBO",
    "close": "0.008",
    "country": "USA",
    "effective_date": "2020-08-05",
    "name": "Mobile Lads Corp.",
    "open": "0.01",
    "percent_change": "-20.0"
  },
  {
    "ticker": "NRBT",
    "close": "0.0516",
    "country": "USA",
    "effective_date": "2020-08-05",
    "name": "Novus Robotics, Inc.",
    "open": "0.064",
    "percent_change": "-19.375000000000004"
  },
  {
    "ticker": "ORZCF",
    "close": "0.8088",
    "country": "USA",
    "effective_date": "2020-08-05",
    "name": "Orezone Gold Corporation",
    "open": "1.01",
    "percent_change": "-19.920792079207924"
  },
  {
    "ticker": "RBNW",
    "close": "4.0E-4",
    "country": "USA",
    "effective_date": "2020-08-05",
    "name": "Renewable Energy and Power, Inc.",
    "open": "5.0E-4",
    "percent_change": "-19.999999999999996"
  },
  {
    "ticker": "RGDEF",
    "close": "0.0123",
    "country": "USA",
    "effective_date": "2020-08-05",
    "name": "RDX Technologies Corporation",
    "open": "0.0153",
    "percent_change": "-19.6078431372549"
  },
  {
    "ticker": "SGMNF",
    "close": "0.008",
    "country": "USA",
    "effective_date": "2020-08-05",
    "name": "Sutter Gold Mining Inc.",
    "open": "0.01",
    "percent_change": "-20.0"
  },
  {
    "ticker": "ALVRQ",
    "close": "0.0041",
    "country": "USA",
    "effective_date": "2020-08-05",
    "name": "Alvarion Ltd.",
    "open": "0.00515",
    "percent_change": "-20.3883495145631"
  },
  {
    "ticker": "PPRG",
    "close": "0.08",
    "country": "USA",
    "effective_date": "2020-08-05",
    "name": "Patient Portal Technologies, Inc.",
    "open": "0.1",
    "percent_change": "-20.000000000000004"
  },
  {
    "ticker": "WARM",
    "close": "0.01317",
    "country": "USA",
    "effective_date": "2020-08-05",
    "name": "Cool Technologies, Inc.",
    "open": "0.0165",
    "percent_change": "-20.181818181818187"
  },
  {
    "ticker": "ECORF",
    "close": "0.05",
    "country": "USA",
    "effective_date": "2020-08-05",
    "name": "Elcora Advanced Materials Corp.",
    "open": "0.06409",
    "percent_change": "-21.98470900296457"
  },
  {
    "ticker": "JMIH",
    "close": "0.044",
    "country": "USA",
    "effective_date": "2020-08-05",
    "name": "Jupiter Marine International Holdings Inc.",
    "open": "0.056",
    "percent_change": "-21.428571428571434"
  },
  {
    "ticker": "OBMP",
    "close": "0.3",
    "country": "USA",
    "effective_date": "2020-08-05",
    "name": "OncBioMune Pharmaceuticals, Inc.",
    "open": "0.38",
    "percent_change": "-21.052631578947373"
  },
  {
    "ticker": "ARSN",
    "close": "7.0E-4",
    "country": "USA",
    "effective_date": "2020-08-05",
    "name": "Aureus Incorporated",
    "open": "9.0E-4",
    "percent_change": "-22.222222222222218"
  },
  {
    "ticker": "CDTI",
    "close": "0.14",
    "country": "USA",
    "effective_date": "2020-08-05",
    "name": "Clean Diesel Technologies, Inc.",
    "open": "0.18",
    "percent_change": "-22.222222222222214"
  },
  {
    "ticker": "ABQQ",
    "close": "0.0411",
    "country": "USA",
    "effective_date": "2020-08-05",
    "name": "AB International Group Corp.",
    "open": "0.054",
    "percent_change": "-23.888888888888893"
  },
  {
    "ticker": "DTRK",
    "close": "3.26",
    "country": "USA",
    "effective_date": "2020-08-05",
    "name": "DATATRAK International, Inc.",
    "open": "4.25",
    "percent_change": "-23.29411764705883"
  },
  {
    "ticker": "HEWA",
    "close": "0.2",
    "country": "USA",
    "effective_date": "2020-08-05",
    "name": "HealthWarehouse.com, Inc.",
    "open": "0.26",
    "percent_change": "-23.076923076923077"
  },
  {
    "ticker": "NTCXF",
    "close": "0.005",
    "country": "USA",
    "effective_date": "2020-08-05",
    "name": "Natcore Technology Inc.",
    "open": "0.0065",
    "percent_change": "-23.076923076923073"
  },
  {
    "ticker": "VVCVF",
    "close": "0.028",
    "country": "USA",
    "effective_date": "2020-08-05",
    "name": "VVC Exploration Corporation",
    "open": "0.03648",
    "percent_change": "-23.245614035087712"
  },
  {
    "ticker": "BIEI",
    "close": "9.0E-4",
    "country": "USA",
    "effective_date": "2020-08-05",
    "name": "Premier Biomedical, Inc.",
    "open": "0.0012",
    "percent_change": "-24.999999999999996"
  },
  {
    "ticker": "EGRNF",
    "close": "2.87",
    "country": "USA",
    "effective_date": "2020-08-05",
    "name": "China Evergrande Group",
    "open": "3.8",
    "percent_change": "-24.473684210526308"
  },
  {
    "ticker": "ERAO",
    "close": "0.003",
    "country": "USA",
    "effective_date": "2020-08-05",
    "name": "Energy Revenue America, Inc.",
    "open": "0.004",
    "percent_change": "-25.0"
  },
  {
    "ticker": "GLKIF",
    "close": "7.5E-4",
    "country": "USA",
    "effective_date": "2020-08-05",
    "name": "Great Lakes Graphite Inc.",
    "open": "0.001",
    "percent_change": "-25.0"
  },
  {
    "ticker": "GRCU",
    "close": "0.0037",
    "country": "USA",
    "effective_date": "2020-08-05",
    "name": "Green Cures & Botanical Distribution Inc.",
    "open": "0.0049",
    "percent_change": "-24.489795918367342"
  },
  {
    "ticker": "SMME",
    "close": "0.0199",
    "country": "USA",
    "effective_date": "2020-08-05",
    "name": "SmartMetric, Inc.",
    "open": "0.0265",
    "percent_change": "-24.905660377358483"
  },
  {
    "ticker": "AHIX",
    "close": "1.5E-4",
    "country": "USA",
    "effective_date": "2020-08-05",
    "name": "Aluf Holdings, Inc.",
    "open": "2.0E-4",
    "percent_change": "-25.00000000000001"
  },
  {
    "ticker": "LTRE",
    "close": "0.544",
    "country": "USA",
    "effective_date": "2020-08-05",
    "name": "Learning Tree International, Inc.",
    "open": "0.73",
    "percent_change": "-25.479452054794514"
  },
  {
    "ticker": "BMTM",
    "close": "2.75",
    "country": "USA",
    "effective_date": "2020-08-05",
    "name": "Bright Mountain Media, Inc.",
    "open": "3.75",
    "percent_change": "-26.666666666666668"
  },
  {
    "ticker": "CNTO",
    "close": "0.00479",
    "country": "USA",
    "effective_date": "2020-08-05",
    "name": "Centor Energy, Inc.",
    "open": "0.0065",
    "percent_change": "-26.307692307692307"
  },
  {
    "ticker": "AGIN",
    "close": "0.0049",
    "country": "USA",
    "effective_date": "2020-08-05",
    "name": "American Graphite Technologies, Inc.",
    "open": "0.0068",
    "percent_change": "-27.941176470588232"
  },
  {
    "ticker": "FCIC",
    "close": "0.165",
    "country": "USA",
    "effective_date": "2020-08-05",
    "name": "FCCC, Inc.",
    "open": "0.227",
    "percent_change": "-27.312775330396477"
  },
  {
    "ticker": "MITJF",
    "close": "0.024",
    "country": "USA",
    "effective_date": "2020-08-05",
    "name": "The Mint Corporation",
    "open": "0.033",
    "percent_change": "-27.272727272727277"
  },
  {
    "ticker": "SPVNF",
    "close": "0.01309",
    "country": "USA",
    "effective_date": "2020-08-05",
    "name": "Spectra7 Microsystems Inc.",
    "open": "0.018",
    "percent_change": "-27.277777777777775"
  },
  {
    "ticker": "VMNT",
    "close": "0.24",
    "country": "USA",
    "effective_date": "2020-08-05",
    "name": "Vemanti Group, Inc.",
    "open": "0.33",
    "percent_change": "-27.272727272727277"
  },
  {
    "ticker": "CUBV",
    "close": "5.0E-4",
    "country": "USA",
    "effective_date": "2020-08-05",
    "name": "CUBA Beverage Company",
    "open": "7.0E-4",
    "percent_change": "-28.571428571428566"
  },
  {
    "ticker": "RSSFF",
    "close": "0.0295",
    "country": "USA",
    "effective_date": "2020-08-05",
    "name": "Affinor Growers Inc.",
    "open": "0.041",
    "percent_change": "-28.048780487804887"
  },
  {
    "ticker": "AMNC",
    "close": "0.071",
    "country": "USA",
    "effective_date": "2020-08-05",
    "name": "Amincor, Inc.",
    "open": "0.1",
    "percent_change": "-29.00000000000001"
  },
  {
    "ticker": "EGRGF",
    "close": "0.045",
    "country": "USA",
    "effective_date": "2020-08-05",
    "name": "Eagle Energy Inc.",
    "open": "0.065",
    "percent_change": "-30.769230769230774"
  },
  {
    "ticker": "LVCA",
    "close": "0.0149",
    "country": "USA",
    "effective_date": "2020-08-05",
    "name": "Lake Victoria Mining Company, Inc.",
    "open": "0.0214",
    "percent_change": "-30.373831775700932"
  },
  {
    "ticker": "MYOS",
    "close": "1.8748",
    "country": "USA",
    "effective_date": "2020-08-05",
    "name": "MYOS RENS Technology Inc.",
    "open": "2.68",
    "percent_change": "-30.044776119402986"
  },
  {
    "ticker": "INTK",
    "close": "0.0026",
    "country": "USA",
    "effective_date": "2020-08-05",
    "name": "Industrial Nanotech, Inc.",
    "open": "0.0038",
    "percent_change": "-31.578947368421055"
  },
  {
    "ticker": "NBRY",
    "close": "0.0024",
    "country": "USA",
    "effective_date": "2020-08-05",
    "name": "Newberry Specialty Bakers, Inc.",
    "open": "0.0035",
    "percent_change": "-31.428571428571438"
  },
  {
    "ticker": "NUGN",
    "close": "0.0042",
    "country": "USA",
    "effective_date": "2020-08-05",
    "name": "NuGene International, Inc.",
    "open": "0.0061",
    "percent_change": "-31.147540983606564"
  },
  {
    "ticker": "RSSV",
    "close": "0.15",
    "country": "USA",
    "effective_date": "2020-08-05",
    "name": "Resort Savers, Inc.",
    "open": "0.22",
    "percent_change": "-31.818181818181824"
  },
  {
    "ticker": "AGHI",
    "close": "0.019",
    "country": "USA",
    "effective_date": "2020-08-05",
    "name": "Agora Holdings, Inc.",
    "open": "0.028",
    "percent_change": "-32.142857142857146"
  },
  {
    "ticker": "CUKPF",
    "close": "11.34",
    "country": "USA",
    "effective_date": "2020-08-05",
    "name": "Carnival plc",
    "open": "17.0",
    "percent_change": "-33.294117647058826"
  },
  {
    "ticker": "GLRI",
    "close": "0.004",
    "country": "USA",
    "effective_date": "2020-08-05",
    "name": "Glori Energy Inc.",
    "open": "0.006",
    "percent_change": "-33.333333333333336"
  },
  {
    "ticker": "TRUL",
    "close": "0.365",
    "country": "USA",
    "effective_date": "2020-08-05",
    "name": "Trulite Inc.",
    "open": "0.55",
    "percent_change": "-33.63636363636365"
  },
  {
    "ticker": "IVITF",
    "close": "0.013",
    "country": "USA",
    "effective_date": "2020-08-05",
    "name": "Invictus MD Strategies Corp.",
    "open": "0.02",
    "percent_change": "-35.0"
  },
  {
    "ticker": "AZKLF",
    "close": "0.11",
    "country": "USA",
    "effective_date": "2020-08-05",
    "name": "Aziana Limited",
    "open": "0.17",
    "percent_change": "-35.294117647058826"
  },
  {
    "ticker": "EVUS",
    "close": "0.0011",
    "country": "USA",
    "effective_date": "2020-08-05",
    "name": "EV Charging USA, Inc.",
    "open": "0.0017",
    "percent_change": "-35.29411764705882"
  },
  {
    "ticker": "HERB",
    "close": "0.0321",
    "country": "USA",
    "effective_date": "2020-08-05",
    "name": "YaSheng Group",
    "open": "0.05014",
    "percent_change": "-35.97925807738333"
  },
  {
    "ticker": "CAXPF",
    "close": "0.0115",
    "country": "USA",
    "effective_date": "2020-08-05",
    "name": "Carmax Mining Corp.",
    "open": "0.018",
    "percent_change": "-36.11111111111111"
  },
  {
    "ticker": "MOCI",
    "close": "0.02525",
    "country": "USA",
    "effective_date": "2020-08-05",
    "name": "Modern Cinema Group, Inc.",
    "open": "0.0398",
    "percent_change": "-36.55778894472362"
  },
  {
    "ticker": "TAMG",
    "close": "0.013",
    "country": "USA",
    "effective_date": "2020-08-05",
    "name": "Transnational Group, Inc.",
    "open": "0.021",
    "percent_change": "-38.0952380952381"
  },
  {
    "ticker": "GIGL",
    "close": "0.02",
    "country": "USA",
    "effective_date": "2020-08-05",
    "name": "Giggles N' Hugs, Inc.",
    "open": "0.034",
    "percent_change": "-41.1764705882353"
  },
  {
    "ticker": "XFLS",
    "close": "0.0109",
    "country": "USA",
    "effective_date": "2020-08-05",
    "name": "Xfuels Inc.",
    "open": "0.0185",
    "percent_change": "-41.08108108108108"
  },
  {
    "ticker": "DSGT",
    "close": "0.01905",
    "country": "USA",
    "effective_date": "2020-08-05",
    "name": "DSG Global Inc.",
    "open": "0.033",
    "percent_change": "-42.27272727272727"
  },
  {
    "ticker": "BOTY",
    "close": "1.0E-4",
    "country": "USA",
    "effective_date": "2020-08-05",
    "name": "Lingerie Fighting Championships, Inc.",
    "open": "2.0E-4",
    "percent_change": "-50.0"
  },
  {
    "ticker": "CCTC",
    "close": "0.01",
    "country": "USA",
    "effective_date": "2020-08-05",
    "name": "Clean Coal Technologies, Inc.",
    "open": "0.02",
    "percent_change": "-50.0"
  },
  {
    "ticker": "CHNC",
    "close": "1.0E-4",
    "country": "USA",
    "effective_date": "2020-08-05",
    "name": "China Infrastructure Construction Corporation",
    "open": "2.0E-4",
    "percent_change": "-50.0"
  },
  {
    "ticker": "EACR",
    "close": "0.005",
    "country": "USA",
    "effective_date": "2020-08-05",
    "name": "Earn-A-Car Inc.",
    "open": "0.01",
    "percent_change": "-50.0"
  },
  {
    "ticker": "EVOGF",
    "close": "0.04709",
    "country": "USA",
    "effective_date": "2020-08-05",
    "name": "Evolving Gold Corp.",
    "open": "0.09302",
    "percent_change": "-49.37647817673619"
  },
  {
    "ticker": "FUTL",
    "close": "5.0E-5",
    "country": "USA",
    "effective_date": "2020-08-05",
    "name": "FutureLand, Corp.",
    "open": "1.0E-4",
    "percent_change": "-50.0"
  },
  {
    "ticker": "GYOG",
    "close": "1.0E-4",
    "country": "USA",
    "effective_date": "2020-08-05",
    "name": "Green Energy Enterprises, Inc.",
    "open": "2.0E-4",
    "percent_change": "-50.0"
  },
  {
    "ticker": "MCAP",
    "close": "0.01",
    "country": "USA",
    "effective_date": "2020-08-05",
    "name": "Mango Capital, Inc.",
    "open": "0.02",
    "percent_change": "-50.0"
  },
  {
    "ticker": "AVXT",
    "close": "0.0014",
    "country": "USA",
    "effective_date": "2020-08-05",
    "name": "AVAX Technologies Inc.",
    "open": "0.003",
    "percent_change": "-53.333333333333336"
  },
  {
    "ticker": "MGHL",
    "close": "11.06",
    "country": "USA",
    "effective_date": "2020-08-05",
    "name": "Morgan Group Holding Co.",
    "open": "24.99",
    "percent_change": "-55.7422969187675"
  },
  {
    "ticker": "RVTI",
    "close": "0.1051",
    "country": "USA",
    "effective_date": "2020-08-05",
    "name": "Rival Technologies Inc.",
    "open": "0.246",
    "percent_change": "-57.27642276422764"
  },
  {
    "ticker": "CGCO",
    "close": "0.0115",
    "country": "USA",
    "effective_date": "2020-08-05",
    "name": "Commerce Group Corp.",
    "open": "0.028",
    "percent_change": "-58.92857142857143"
  },
  {
    "ticker": "DLYT",
    "close": "0.16",
    "country": "USA",
    "effective_date": "2020-08-05",
    "name": "Dais Analytic Corporation",
    "open": "0.3988",
    "percent_change": "-59.87963891675025"
  },
  {
    "ticker": "SWYDF",
    "close": "8.0E-4",
    "country": "USA",
    "effective_date": "2020-08-05",
    "name": "Stornoway Diamond Corporation",
    "open": "0.002",
    "percent_change": "-60.0"
  },
  {
    "ticker": "DEEL",
    "close": "0.7",
    "country": "USA",
    "effective_date": "2020-08-05",
    "name": "Deal a Day Group Corp.",
    "open": "1.79",
    "percent_change": "-60.89385474860336"
  },
  {
    "ticker": "NDVLY",
    "close": "2.52",
    "country": "USA",
    "effective_date": "2020-08-05",
    "name": "New World Development Company Limited",
    "open": "8.45",
    "percent_change": "-70.17751479289942"
  },
  {
    "ticker": "ZNAE",
    "close": "0.011",
    "country": "USA",
    "effective_date": "2020-08-05",
    "name": "Zane Interactive Publishing Inc",
    "open": "0.039",
    "percent_change": "-71.7948717948718"
  },
  {
    "ticker": "SOGFF",
    "close": "0.0025",
    "country": "USA",
    "effective_date": "2020-08-05",
    "name": "Strategic Oil & Gas Ltd.",
    "open": "0.0125",
    "percent_change": "-80.0"
  },
  {
    "ticker": "ASTI",
    "close": "2.0E-4",
    "country": "USA",
    "effective_date": "2020-08-05",
    "name": "Ascent Solar Technologies, Inc.",
    "open": "1.0E-4",
    "percent_change": "100.0"
  },
  {
    "ticker": "EVLI",
    "close": "0.002",
    "country": "USA",
    "effective_date": "2020-08-05",
    "name": "Everlert, Inc.",
    "open": "0.001",
    "percent_change": "100.0"
  },
  {
    "ticker": "FVRG",
    "close": "0.06",
    "country": "USA",
    "effective_date": "2020-08-05",
    "name": "ForeverGreen Worldwide Corporation",
    "open": "0.03",
    "percent_change": "100.0"
  },
  {
    "ticker": "LLLI",
    "close": "0.02",
    "country": "USA",
    "effective_date": "2020-08-05",
    "name": "Lamperd Less Lethal, Inc.",
    "open": "0.01",
    "percent_change": "100.0"
  },
  {
    "ticker": "MYDX",
    "close": "2.0E-4",
    "country": "USA",
    "effective_date": "2020-08-05",
    "name": "MyDx, Inc.",
    "open": "1.0E-4",
    "percent_change": "100.0"
  },
  {
    "ticker": "OTMN",
    "close": "0.08",
    "country": "USA",
    "effective_date": "2020-08-05",
    "name": "The O.T. Mining Corporation",
    "open": "0.04",
    "percent_change": "100.0"
  },
  {
    "ticker": "SPRN",
    "close": "0.004",
    "country": "USA",
    "effective_date": "2020-08-05",
    "name": "Supernova Energy, Inc.",
    "open": "0.002",
    "percent_change": "100.0"
  },
  {
    "ticker": "SRMX",
    "close": "2.0E-4",
    "country": "USA",
    "effective_date": "2020-08-05",
    "name": "Saddle Ranch Media, Inc.",
    "open": "1.0E-4",
    "percent_change": "100.0"
  },
  {
    "ticker": "UPZS",
    "close": "2.0E-4",
    "country": "USA",
    "effective_date": "2020-08-05",
    "name": "Unique Pizza & Subs Corp.",
    "open": "1.0E-4",
    "percent_change": "100.0"
  },
  {
    "ticker": "ESTRF",
    "close": "0.06",
    "country": "USA",
    "effective_date": "2020-08-05",
    "name": "Esstra Industries Inc.",
    "open": "0.028",
    "percent_change": "114.28571428571429"
  },
  {
    "ticker": "BZIC",
    "close": "0.009",
    "country": "USA",
    "effective_date": "2020-08-05",
    "name": "Beamz Interactive, Inc.",
    "open": "0.004",
    "percent_change": "124.99999999999999"
  },
  {
    "ticker": "EGTK",
    "close": "0.0027",
    "country": "USA",
    "effective_date": "2020-08-05",
    "name": "Energtek, Inc.",
    "open": "0.0012",
    "percent_change": "125.00000000000003"
  },
  {
    "ticker": "SEGN",
    "close": "0.1599",
    "country": "USA",
    "effective_date": "2020-08-05",
    "name": "Success Entertainment Group International Inc.",
    "open": "0.069",
    "percent_change": "131.73913043478257"
  },
  {
    "ticker": "VALV",
    "close": "0.0097",
    "country": "USA",
    "effective_date": "2020-08-05",
    "name": "Shengkai Innovations, Inc.",
    "open": "0.004",
    "percent_change": "142.5"
  },
  {
    "ticker": "PLKT",
    "close": "0.15",
    "country": "USA",
    "effective_date": "2020-08-05",
    "name": "Solar Gold Ltd.",
    "open": "0.061",
    "percent_change": "145.9016393442623"
  },
  {
    "ticker": "CALI",
    "close": "0.1757",
    "country": "USA",
    "effective_date": "2020-08-05",
    "name": "China Auto Logistics Inc.",
    "open": "0.07",
    "percent_change": "150.99999999999997"
  },
  {
    "ticker": "PSYS",
    "close": "0.1",
    "country": "USA",
    "effective_date": "2020-08-05",
    "name": "Paradigm System Solutions Inc.",
    "open": "0.04",
    "percent_change": "150.00000000000003"
  },
  {
    "ticker": "BMXI",
    "close": "0.805",
    "country": "USA",
    "effective_date": "2020-08-05",
    "name": "Brookmount Explorations Inc.",
    "open": "0.7",
    "percent_change": "15.000000000000014"
  },
  {
    "ticker": "COKE",
    "close": "269.0",
    "country": "USA",
    "effective_date": "2020-08-05",
    "name": "Coca-Cola Bottling Co. Consolidated",
    "open": "232.320007",
    "percent_change": "15.788564004304629"
  },
  {
    "ticker": "ETBI",
    "close": "0.003",
    "country": "USA",
    "effective_date": "2020-08-05",
    "name": "Eastgate Biotech Corp.",
    "open": "0.0026",
    "percent_change": "15.384615384615394"
  },
  {
    "ticker": "FOSL",
    "close": "4.1",
    "country": "USA",
    "effective_date": "2020-08-05",
    "name": "Fossil Group, Inc.",
    "open": "3.55",
    "percent_change": "15.49295774647887"
  },
  {
    "ticker": "IGEN",
    "close": "0.0087",
    "country": "USA",
    "effective_date": "2020-08-05",
    "name": "IGEN Networks Corp.",
    "open": "0.0075",
    "percent_change": "15.999999999999996"
  },
  {
    "ticker": "NRTSF",
    "close": "0.0015",
    "country": "USA",
    "effective_date": "2020-08-05",
    "name": "Nobilis Health Corp.",
    "open": "0.0013",
    "percent_change": "15.384615384615394"
  },
  {
    "ticker": "RVVTF",
    "close": "0.306",
    "country": "USA",
    "effective_date": "2020-08-05",
    "name": "Revive Therapeutics Ltd.",
    "open": "0.266",
    "percent_change": "15.037593984962399"
  },
  {
    "ticker": "WHZT",
    "close": "0.121",
    "country": "USA",
    "effective_date": "2020-08-05",
    "name": "Whiting USA Trust II",
    "open": "0.105",
    "percent_change": "15.238095238095239"
  },
  {
    "ticker": "AHAG",
    "close": "0.07",
    "country": "USA",
    "effective_date": "2020-08-05",
    "name": "Alpha Technologies Group, Inc.",
    "open": "0.06",
    "percent_change": "16.666666666666682"
  },
  {
    "ticker": "CHPGF",
    "close": "5.4",
    "country": "USA",
    "effective_date": "2020-08-05",
    "name": "Chesapeake Gold Corp.",
    "open": "4.62",
    "percent_change": "16.883116883116887"
  },
  {
    "ticker": "ELTP",
    "close": "0.07",
    "country": "USA",
    "effective_date": "2020-08-05",
    "name": "Elite Pharmaceuticals, Inc.",
    "open": "0.06",
    "percent_change": "16.666666666666682"
  },
  {
    "ticker": "GLDFF",
    "close": "0.0188",
    "country": "USA",
    "effective_date": "2020-08-05",
    "name": "Golden Leaf Holdings Ltd.",
    "open": "0.0162",
    "percent_change": "16.049382716049394"
  },
  {
    "ticker": "GPFOF",
    "close": "0.7",
    "country": "USA",
    "effective_date": "2020-08-05",
    "name": "Grupo Financiero Inbursa, S.A.B. de C.V.",
    "open": "0.6",
    "percent_change": "16.666666666666664"
  },
  {
    "ticker": "SPLIF",
    "close": "0.01859",
    "country": "USA",
    "effective_date": "2020-08-05",
    "name": "Nutritional High International Inc.",
    "open": "0.016",
    "percent_change": "16.18749999999999"
  },
  {
    "ticker": "ALIM",
    "close": "6.98",
    "country": "USA",
    "effective_date": "2020-08-05",
    "name": "Alimera Sciences, Inc.",
    "open": "5.96",
    "percent_change": "17.11409395973155"
  },
  {
    "ticker": "AMNP",
    "close": "0.02",
    "country": "USA",
    "effective_date": "2020-08-05",
    "name": "American Sierra Gold Corp.",
    "open": "0.017",
    "percent_change": "17.647058823529406"
  },
  {
    "ticker": "EMAN",
    "close": "1.26",
    "country": "USA",
    "effective_date": "2020-08-05",
    "name": "eMagin Corporation",
    "open": "1.07",
    "percent_change": "17.757009345794383"
  },
  {
    "ticker": "ENQUF",
    "close": "0.2",
    "country": "USA",
    "effective_date": "2020-08-05",
    "name": "EnQuest PLC",
    "open": "0.17",
    "percent_change": "17.64705882352941"
  },
  {
    "ticker": "HZHI",
    "close": "0.09",
    "country": "USA",
    "effective_date": "2020-08-05",
    "name": "Horizons Holdings International, Corp.",
    "open": "0.07675",
    "percent_change": "17.263843648208464"
  },
  {
    "ticker": "ILHMF",
    "close": "0.0363",
    "country": "USA",
    "effective_date": "2020-08-05",
    "name": "International Lithium Corp.",
    "open": "0.031",
    "percent_change": "17.096774193548384"
  },
  {
    "ticker": "MLYBY",
    "close": "3.98",
    "country": "USA",
    "effective_date": "2020-08-05",
    "name": "Malayan Banking Berhad",
    "open": "3.4",
    "percent_change": "17.058823529411768"
  },
  {
    "ticker": "NEON",
    "close": "9.35",
    "country": "USA",
    "effective_date": "2020-08-05",
    "name": "Neonode Inc.",
    "open": "7.96",
    "percent_change": "17.46231155778894"
  },
  {
    "ticker": "PTKFF",
    "close": "0.11",
    "country": "USA",
    "effective_date": "2020-08-05",
    "name": "PT Kalbe Farma Tbk.",
    "open": "0.094",
    "percent_change": "17.02127659574468"
  },
  {
    "ticker": "UUU",
    "close": "3.58",
    "country": "USA",
    "effective_date": "2020-08-05",
    "name": "Universal Security Instruments, Inc.",
    "open": "3.05",
    "percent_change": "17.37704918032788"
  },
  {
    "ticker": "ATCMF",
    "close": "0.397",
    "country": "USA",
    "effective_date": "2020-08-05",
    "name": "Atico Mining Corporation",
    "open": "0.335",
    "percent_change": "18.507462686567163"
  },
  {
    "ticker": "BTHR",
    "close": "0.199",
    "country": "USA",
    "effective_date": "2020-08-05",
    "name": "Sports Venues of Florida, Inc.",
    "open": "0.168",
    "percent_change": "18.452380952380953"
  },
  {
    "ticker": "INNO",
    "close": "0.0058",
    "country": "USA",
    "effective_date": "2020-08-05",
    "name": "Innocap, Inc.",
    "open": "0.0049",
    "percent_change": "18.367346938775505"
  },
  {
    "ticker": "ITRO",
    "close": "0.9",
    "country": "USA",
    "effective_date": "2020-08-05",
    "name": "Itronics Inc.",
    "open": "0.76",
    "percent_change": "18.42105263157895"
  },
  {
    "ticker": "PRTT",
    "close": "4.15",
    "country": "USA",
    "effective_date": "2020-08-05",
    "name": "Protect Pharmaceutical Corporation",
    "open": "3.51",
    "percent_change": "18.23361823361825"
  },
  {
    "ticker": "ADGS",
    "close": "1.3899",
    "country": "USA",
    "effective_date": "2020-08-05",
    "name": "ADGS Advisory, Inc.",
    "open": "1.16",
    "percent_change": "19.81896551724138"
  },
  {
    "ticker": "AOLS",
    "close": "0.0018",
    "country": "USA",
    "effective_date": "2020-08-05",
    "name": "Aeolus Pharmaceuticals, Inc.",
    "open": "0.0015",
    "percent_change": "19.999999999999993"
  },
  {
    "ticker": "ARAFF",
    "close": "0.06",
    "country": "USA",
    "effective_date": "2020-08-05",
    "name": "Arafura Resources Limited",
    "open": "0.05",
    "percent_change": "19.99999999999999"
  },
  {
    "ticker": "AZNVF",
    "close": "0.10523",
    "country": "USA",
    "effective_date": "2020-08-05",
    "name": "Arcturus Ventures Inc.",
    "open": "0.088",
    "percent_change": "19.579545454545467"
  },
  {
    "ticker": "CJCFF",
    "close": "0.24",
    "country": "USA",
    "effective_date": "2020-08-05",
    "name": "Canada Strategic Metals Inc.",
    "open": "0.2",
    "percent_change": "19.99999999999999"
  },
  {
    "ticker": "CLASF",
    "close": "0.06",
    "country": "USA",
    "effective_date": "2020-08-05",
    "name": "Colorado Resources Ltd.",
    "open": "0.05",
    "percent_change": "19.99999999999999"
  },
  {
    "ticker": "ELIO",
    "close": "0.49",
    "country": "USA",
    "effective_date": "2020-08-05",
    "name": "Elio Motors, Inc.",
    "open": "0.41",
    "percent_change": "19.512195121951226"
  },
  {
    "ticker": "FGROY",
    "close": "0.56",
    "country": "USA",
    "effective_date": "2020-08-05",
    "name": "Firstgroup plc",
    "open": "0.47",
    "percent_change": "19.14893617021278"
  },
  {
    "ticker": "GSPH",
    "close": "0.0037",
    "country": "USA",
    "effective_date": "2020-08-05",
    "name": "Geospatial Corporation",
    "open": "0.0031",
    "percent_change": "19.354838709677427"
  },
  {
    "ticker": "GTHR",
    "close": "0.0299",
    "country": "USA",
    "effective_date": "2020-08-05",
    "name": "GeneThera, Inc.",
    "open": "0.025",
    "percent_change": "19.59999999999999"
  },
  {
    "ticker": "HQGE",
    "close": "6.0E-4",
    "country": "USA",
    "effective_date": "2020-08-05",
    "name": "HQ Global Education Inc.",
    "open": "5.0E-4",
    "percent_change": "19.999999999999986"
  },
  {
    "ticker": "MLYCF",
    "close": "0.036",
    "country": "USA",
    "effective_date": "2020-08-05",
    "name": "American Cumo Mining Corporation",
    "open": "0.03",
    "percent_change": "19.999999999999996"
  },
  {
    "ticker": "QEPC",
    "close": "10.48",
    "country": "USA",
    "effective_date": "2020-08-05",
    "name": "Q.E.P. Co., Inc.",
    "open": "8.775",
    "percent_change": "19.43019943019943"
  },
  {
    "ticker": "WOGI",
    "close": "6.0E-4",
    "country": "USA",
    "effective_date": "2020-08-05",
    "name": "World Oil Group, Inc.",
    "open": "5.0E-4",
    "percent_change": "19.999999999999986"
  },
  {
    "ticker": "HMNU",
    "close": "0.0142",
    "country": "USA",
    "effective_date": "2020-08-05",
    "name": "Human Unitec International, Inc.",
    "open": "0.01175",
    "percent_change": "20.85106382978724"
  },
  {
    "ticker": "ITMPF",
    "close": "3.87",
    "country": "USA",
    "effective_date": "2020-08-05",
    "name": "ITM Power Plc",
    "open": "3.2",
    "percent_change": "20.9375"
  },
  {
    "ticker": "MLPH",
    "close": "0.012",
    "country": "USA",
    "effective_date": "2020-08-05",
    "name": "Molecular Pharmacology (USA) Ltd.",
    "open": "0.01",
    "percent_change": "20.0"
  },
  {
    "ticker": "WCUI",
    "close": "0.0845",
    "country": "USA",
    "effective_date": "2020-08-05",
    "name": "Wellness Center USA, Inc.",
    "open": "0.07",
    "percent_change": "20.71428571428571"
  },
  {
    "ticker": "DCLT",
    "close": "0.004",
    "country": "USA",
    "effective_date": "2020-08-05",
    "name": "Data Call Technologies, Inc.",
    "open": "0.0033",
    "percent_change": "21.212121212121215"
  },
  {
    "ticker": "DLCR",
    "close": "0.0017",
    "country": "USA",
    "effective_date": "2020-08-05",
    "name": "Kibush Capital Corporation",
    "open": "0.0014",
    "percent_change": "21.428571428571423"
  },
  {
    "ticker": "FARYF",
    "close": "0.0097",
    "country": "USA",
    "effective_date": "2020-08-05",
    "name": "FAR Limited",
    "open": "0.008",
    "percent_change": "21.25"
  },
  {
    "ticker": "JADA",
    "close": "0.157",
    "country": "USA",
    "effective_date": "2020-08-05",
    "name": "Jade Art Group Inc.",
    "open": "0.129",
    "percent_change": "21.705426356589147"
  },
  {
    "ticker": "LOGX",
    "close": "0.05",
    "country": "USA",
    "effective_date": "2020-08-05",
    "name": "PeerLogix, Inc.",
    "open": "0.041",
    "percent_change": "21.951219512195124"
  },
  {
    "ticker": "QRMLF",
    "close": "0.018185",
    "country": "USA",
    "effective_date": "2020-08-05",
    "name": "Quest Rare Minerals Ltd.",
    "open": "0.015",
    "percent_change": "21.233333333333334"
  },
  {
    "ticker": "USRM",
    "close": "0.0051",
    "country": "USA",
    "effective_date": "2020-08-05",
    "name": "U.S. Stem Cell, Inc.",
    "open": "0.0042",
    "percent_change": "21.428571428571445"
  },
  {
    "ticker": "WEYL",
    "close": "6.45",
    "country": "USA",
    "effective_date": "2020-08-05",
    "name": "Weyland Tech Inc.",
    "open": "5.3",
    "percent_change": "21.698113207547177"
  },
  {
    "ticker": "CMCXF",
    "close": "0.11",
    "country": "USA",
    "effective_date": "2020-08-05",
    "name": "CMC Metals Ltd.",
    "open": "0.09",
    "percent_change": "22.22222222222223"
  },
  {
    "ticker": "CVHL",
    "close": "0.01",
    "country": "USA",
    "effective_date": "2020-08-05",
    "name": "CV Holdings, Inc.",
    "open": "0.00815",
    "percent_change": "22.6993865030675"
  },
  {
    "ticker": "EDEYF",
    "close": "0.0209",
    "country": "USA",
    "effective_date": "2020-08-05",
    "name": "Eden Innovations Ltd.",
    "open": "0.017",
    "percent_change": "22.941176470588218"
  },
  {
    "ticker": "ESYL",
    "close": "0.0022",
    "country": "USA",
    "effective_date": "2020-08-05",
    "name": "Easylink Solutions Corp.",
    "open": "0.0018",
    "percent_change": "22.222222222222236"
  },
  {
    "ticker": "GRPX",
    "close": "0.11",
    "country": "USA",
    "effective_date": "2020-08-05",
    "name": "GreenPlex Services, Inc.",
    "open": "0.09",
    "percent_change": "22.22222222222223"
  },
  {
    "ticker": "IDAM",
    "close": "1.49",
    "country": "USA",
    "effective_date": "2020-08-05",
    "name": "Idarado Mining Company",
    "open": "1.22",
    "percent_change": "22.13114754098361"
  },
  {
    "ticker": "NDYN",
    "close": "0.00455",
    "country": "USA",
    "effective_date": "2020-08-05",
    "name": "Naerodynamics, Inc.",
    "open": "0.0037",
    "percent_change": "22.972972972972972"
  },
  {
    "ticker": "VEGYF",
    "close": "0.0979",
    "country": "USA",
    "effective_date": "2020-08-05",
    "name": "Virginia Energy Resources Inc.",
    "open": "0.08",
    "percent_change": "22.375"
  },
  {
    "ticker": "CRYO",
    "close": "0.21",
    "country": "USA",
    "effective_date": "2020-08-05",
    "name": "American Cryostem Corporation",
    "open": "0.17",
    "percent_change": "23.52941176470587"
  },
  {
    "ticker": "MMTC",
    "close": "0.0977",
    "country": "USA",
    "effective_date": "2020-08-05",
    "name": "Micro Imaging Technology, Inc.",
    "open": "0.07935",
    "percent_change": "23.125393824826705"
  },
  {
    "ticker": "SIPC",
    "close": "0.004",
    "country": "USA",
    "effective_date": "2020-08-05",
    "name": "Sipp Industries, Inc.",
    "open": "0.00325",
    "percent_change": "23.076923076923087"
  },
  {
    "ticker": "TACI",
    "close": "0.0379",
    "country": "USA",
    "effective_date": "2020-08-05",
    "name": "TransAtlantic Capital Inc.",
    "open": "0.0308",
    "percent_change": "23.051948051948056"
  },
  {
    "ticker": "TIKRF",
    "close": "0.42",
    "country": "USA",
    "effective_date": "2020-08-05",
    "name": "Tikcro Technologies Ltd.",
    "open": "0.34",
    "percent_change": "23.52941176470587"
  },
  {
    "ticker": "VGLS",
    "close": "0.01075",
    "country": "USA",
    "effective_date": "2020-08-05",
    "name": "VG Life Sciences Inc.",
    "open": "0.0087",
    "percent_change": "23.563218390804593"
  },
  {
    "ticker": "PRHL",
    "close": "0.0034",
    "country": "USA",
    "effective_date": "2020-08-05",
    "name": "Premier Holding Corporation",
    "open": "0.001",
    "percent_change": "240.0"
  },
  {
    "ticker": "GRSO",
    "close": "5.0E-4",
    "country": "USA",
    "effective_date": "2020-08-05",
    "name": "Grow Solutions Holdings, Inc.",
    "open": "4.0E-4",
    "percent_change": "24.999999999999996"
  },
  {
    "ticker": "GRST",
    "close": "0.001",
    "country": "USA",
    "effective_date": "2020-08-05",
    "name": "Ethema Health Corporation",
    "open": "8.0E-4",
    "percent_change": "24.999999999999996"
  },
  {
    "ticker": "ABMC",
    "close": "0.55",
    "country": "USA",
    "effective_date": "2020-08-05",
    "name": "American Bio Medica Corporation",
    "open": "0.44",
    "percent_change": "25.000000000000007"
  },
  {
    "ticker": "CTTH",
    "close": "0.075",
    "country": "USA",
    "effective_date": "2020-08-05",
    "name": "CTT Pharmaceutical Holdings, Inc.",
    "open": "0.06",
    "percent_change": "25.0"
  },
  {
    "ticker": "DJIFF",
    "close": "0.05",
    "country": "USA",
    "effective_date": "2020-08-05",
    "name": "Dajin Resources Corp.",
    "open": "0.04",
    "percent_change": "25.000000000000004"
  },
  {
    "ticker": "ENCR",
    "close": "0.063",
    "country": "USA",
    "effective_date": "2020-08-05",
    "name": "Ener-Core, Inc.",
    "open": "0.05",
    "percent_change": "25.999999999999996"
  },
  {
    "ticker": "ETHOF",
    "close": "0.15",
    "country": "USA",
    "effective_date": "2020-08-05",
    "name": "Ethos Gold Corp.",
    "open": "0.12",
    "percent_change": "25.0"
  },
  {
    "ticker": "IMTFF",
    "close": "0.079",
    "country": "USA",
    "effective_date": "2020-08-05",
    "name": "International Montoro Resources Inc.",
    "open": "0.063",
    "percent_change": "25.3968253968254"
  },
  {
    "ticker": "PTRC",
    "close": "0.0751",
    "country": "USA",
    "effective_date": "2020-08-05",
    "name": "Petro River Oil Corp.",
    "open": "0.06",
    "percent_change": "25.16666666666667"
  },
  {
    "ticker": "BORK",
    "close": "0.0052",
    "country": "USA",
    "effective_date": "2020-08-05",
    "name": "Bourque Industries, Inc.",
    "open": "0.0041",
    "percent_change": "26.82926829268291"
  },
  {
    "ticker": "CLHI",
    "close": "0.13",
    "country": "USA",
    "effective_date": "2020-08-05",
    "name": "CLST Holdings, Inc.",
    "open": "0.103",
    "percent_change": "26.21359223300972"
  },
  {
    "ticker": "EQUEY",
    "close": "4.9",
    "country": "USA",
    "effective_date": "2020-08-05",
    "name": "Equatorial Energia S.A.",
    "open": "3.88",
    "percent_change": "26.288659793814446"
  },
  {
    "ticker": "GTHP",
    "close": "0.44104",
    "country": "USA",
    "effective_date": "2020-08-05",
    "name": "Guided Therapeutics, Inc.",
    "open": "0.35",
    "percent_change": "26.011428571428574"
  },
  {
    "ticker": "ATWT",
    "close": "0.0829",
    "country": "USA",
    "effective_date": "2020-08-05",
    "name": "ATWEC Technologies, Inc.",
    "open": "0.065",
    "percent_change": "27.538461538461537"
  },
  {
    "ticker": "CWMCF",
    "close": "0.10897",
    "country": "USA",
    "effective_date": "2020-08-05",
    "name": "Consolidated Woodjam Copper Corp.",
    "open": "0.0853",
    "percent_change": "27.749120750293077"
  },
  {
    "ticker": "IPLY",
    "close": "0.018",
    "country": "USA",
    "effective_date": "2020-08-05",
    "name": "Interplay Entertainment Corp.",
    "open": "0.0141",
    "percent_change": "27.6595744680851"
  },
  {
    "ticker": "NWDMF",
    "close": "0.0539",
    "country": "USA",
    "effective_date": "2020-08-05",
    "name": "New Dimension Resources Ltd.",
    "open": "0.04219",
    "percent_change": "27.7553922730505"
  },
  {
    "ticker": "CBDG",
    "close": "0.13",
    "country": "USA",
    "effective_date": "2020-08-05",
    "name": "THC Farmaceuticals, Inc.",
    "open": "0.101",
    "percent_change": "28.71287128712871"
  },
  {
    "ticker": "SLMXF",
    "close": "0.06151",
    "country": "USA",
    "effective_date": "2020-08-05",
    "name": "Slam Exploration Ltd.",
    "open": "0.0478",
    "percent_change": "28.682008368200837"
  },
  {
    "ticker": "ASLM",
    "close": "0.31",
    "country": "USA",
    "effective_date": "2020-08-05",
    "name": "American Silver Mining Co.",
    "open": "0.24",
    "percent_change": "29.16666666666667"
  },
  {
    "ticker": "DLPX",
    "close": "0.0039",
    "country": "USA",
    "effective_date": "2020-08-05",
    "name": "Delphax Technologies Inc.",
    "open": "0.003",
    "percent_change": "29.99999999999999"
  },
  {
    "ticker": "GRYN",
    "close": "0.95",
    "country": "USA",
    "effective_date": "2020-08-05",
    "name": "Green Hygienics Holdings Inc.",
    "open": "0.731",
    "percent_change": "29.95896032831737"
  },
  {
    "ticker": "TISI",
    "close": "5.449",
    "country": "USA",
    "effective_date": "2020-08-05",
    "name": "Team, Inc.",
    "open": "4.22",
    "percent_change": "29.12322274881517"
  },
  {
    "ticker": "JERT",
    "close": "0.0978",
    "country": "USA",
    "effective_date": "2020-08-05",
    "name": "JER Investors Trust Inc.",
    "open": "0.024",
    "percent_change": "307.5"
  },
  {
    "ticker": "AAWC",
    "close": "0.028",
    "country": "USA",
    "effective_date": "2020-08-05",
    "name": "Alexandria Advantage Warranty Company",
    "open": "0.0215",
    "percent_change": "30.2325581395349"
  },
  {
    "ticker": "ARC",
    "close": "1.44",
    "country": "USA",
    "effective_date": "2020-08-05",
    "name": "ARC Document Solutions, Inc.",
    "open": "1.1",
    "percent_change": "30.909090909090892"
  },
  {
    "ticker": "DMNXF",
    "close": "0.0095",
    "country": "USA",
    "effective_date": "2020-08-05",
    "name": "Sayona Mining Limited",
    "open": "0.0073",
    "percent_change": "30.13698630136986"
  },
  {
    "ticker": "ENT",
    "close": "0.68",
    "country": "USA",
    "effective_date": "2020-08-05",
    "name": "Global Eagle Entertainment Inc.",
    "open": "0.52",
    "percent_change": "30.769230769230774"
  },
  {
    "ticker": "LRDC",
    "close": "0.0202",
    "country": "USA",
    "effective_date": "2020-08-05",
    "name": "Laredo Oil, Inc.",
    "open": "0.015525",
    "percent_change": "30.11272141706923"
  },
  {
    "ticker": "PETV",
    "close": "0.68",
    "country": "USA",
    "effective_date": "2020-08-05",
    "name": "PetVivo Holdings, Inc.",
    "open": "0.52",
    "percent_change": "30.769230769230774"
  },
  {
    "ticker": "REFG",
    "close": "0.0078",
    "country": "USA",
    "effective_date": "2020-08-05",
    "name": "Medical Cannabis Payment Solutions, Inc.",
    "open": "0.0059",
    "percent_change": "32.20338983050847"
  },
  {
    "ticker": "SRSIF",
    "close": "0.0045",
    "country": "USA",
    "effective_date": "2020-08-05",
    "name": "Strateco Resources Inc.",
    "open": "0.0034",
    "percent_change": "32.35294117647059"
  },
  {
    "ticker": "WRPSF",
    "close": "0.3713",
    "country": "USA",
    "effective_date": "2020-08-05",
    "name": "Western Pacific Resources Corp.",
    "open": "0.28",
    "percent_change": "32.60714285714285"
  },
  {
    "ticker": "ATVK",
    "close": "0.0012",
    "country": "USA",
    "effective_date": "2020-08-05",
    "name": "Ameritek Ventures",
    "open": "9.0E-4",
    "percent_change": "33.33333333333333"
  },
  {
    "ticker": "CBTC",
    "close": "0.0012",
    "country": "USA",
    "effective_date": "2020-08-05",
    "name": "CBT Financial Corp.",
    "open": "9.0E-4",
    "percent_change": "33.33333333333333"
  },
  {
    "ticker": "EWPMF",
    "close": "0.04",
    "country": "USA",
    "effective_date": "2020-08-05",
    "name": "East West Petroleum Corp",
    "open": "0.03",
    "percent_change": "33.33333333333334"
  },
  {
    "ticker": "IZEA",
    "close": "1.86",
    "country": "USA",
    "effective_date": "2020-08-05",
    "name": "IZEA, Inc.",
    "open": "1.39",
    "percent_change": "33.81294964028779"
  },
  {
    "ticker": "PSGR",
    "close": "0.0109",
    "country": "USA",
    "effective_date": "2020-08-05",
    "name": "Pershing Resources Company, Inc.",
    "open": "0.0081",
    "percent_change": "34.567901234567906"
  },
  {
    "ticker": "AVRTF",
    "close": "0.0477",
    "country": "USA",
    "effective_date": "2020-08-05",
    "name": "Avarone Metals Inc.",
    "open": "0.0352",
    "percent_change": "35.511363636363626"
  },
  {
    "ticker": "MEDH",
    "close": "0.042",
    "country": "USA",
    "effective_date": "2020-08-05",
    "name": "MedX Holdings, Inc.",
    "open": "0.031",
    "percent_change": "35.48387096774194"
  },
  {
    "ticker": "AMTX",
    "close": "1.67",
    "country": "USA",
    "effective_date": "2020-08-05",
    "name": "Aemetis, Inc.",
    "open": "1.22",
    "percent_change": "36.88524590163934"
  },
  {
    "ticker": "GRWC",
    "close": "3.4",
    "country": "USA",
    "effective_date": "2020-08-05",
    "name": "Grow Condos, Inc.",
    "open": "2.49",
    "percent_change": "36.54618473895581"
  },
  {
    "ticker": "GRWCD",
    "close": "3.4",
    "country": "USA",
    "effective_date": "2020-08-05",
    "name": "Grow Condos, Inc.",
    "open": "2.49",
    "percent_change": "36.54618473895581"
  },
  {
    "ticker": "MITFY",
    "close": "3.75",
    "country": "USA",
    "effective_date": "2020-08-05",
    "name": "Mitie Group plc",
    "open": "2.75",
    "percent_change": "36.36363636363637"
  },
  {
    "ticker": "ASNA",
    "close": "0.495",
    "country": "USA",
    "effective_date": "2020-08-05",
    "name": "Ascena Retail Group, Inc.",
    "open": "0.36",
    "percent_change": "37.5"
  },
  {
    "ticker": "FRMB",
    "close": "0.018",
    "country": "USA",
    "effective_date": "2020-08-05",
    "name": "Forum Mobile, Inc.",
    "open": "0.0131",
    "percent_change": "37.40458015267174"
  },
  {
    "ticker": "CHSO",
    "close": "0.018",
    "country": "USA",
    "effective_date": "2020-08-05",
    "name": "China ShouGuan Investment Holding Group Corporation",
    "open": "0.013",
    "percent_change": "38.46153846153846"
  },
  {
    "ticker": "OPTI",
    "close": "0.1589",
    "country": "USA",
    "effective_date": "2020-08-05",
    "name": "Opti Inc.",
    "open": "0.1148",
    "percent_change": "38.41463414634147"
  },
  {
    "ticker": "VINS",
    "close": "0.29",
    "country": "USA",
    "effective_date": "2020-08-05",
    "name": "Vindicator Silver Lead Mining Co.",
    "open": "0.21",
    "percent_change": "38.095238095238095"
  },
  {
    "ticker": "ACUR",
    "close": "0.28",
    "country": "USA",
    "effective_date": "2020-08-05",
    "name": "Acura Pharmaceuticals, Inc.",
    "open": "0.2",
    "percent_change": "40.00000000000001"
  },
  {
    "ticker": "PERT",
    "close": "0.01",
    "country": "USA",
    "effective_date": "2020-08-05",
    "name": "Permanent Technologies, Inc.",
    "open": "0.007",
    "percent_change": "42.857142857142854"
  },
  {
    "ticker": "TPTW",
    "close": "0.07215",
    "country": "USA",
    "effective_date": "2020-08-05",
    "name": "TPT Global Tech, Inc.",
    "open": "0.0503",
    "percent_change": "43.43936381709744"
  },
  {
    "ticker": "CRBO",
    "close": "0.49",
    "country": "USA",
    "effective_date": "2020-08-05",
    "name": "Carbon Natural Gas Company",
    "open": "0.33",
    "percent_change": "48.48484848484848"
  },
  {
    "ticker": "ISHM",
    "close": "0.0046",
    "country": "USA",
    "effective_date": "2020-08-05",
    "name": "InfoSearch Media Inc.",
    "open": "0.0031",
    "percent_change": "48.38709677419355"
  },
  {
    "ticker": "BMXC",
    "close": "1.5E-4",
    "country": "USA",
    "effective_date": "2020-08-05",
    "name": "Bemax Inc.",
    "open": "1.0E-4",
    "percent_change": "49.99999999999998"
  },
  {
    "ticker": "JAMN",
    "close": "1.5E-4",
    "country": "USA",
    "effective_date": "2020-08-05",
    "name": "Jammin Java Corp.",
    "open": "1.0E-4",
    "percent_change": "49.99999999999998"
  },
  {
    "ticker": "POTG",
    "close": "6.0E-4",
    "country": "USA",
    "effective_date": "2020-08-05",
    "name": "Portage Resources Inc.",
    "open": "4.0E-4",
    "percent_change": "49.99999999999998"
  },
  {
    "ticker": "NTGL",
    "close": "0.003",
    "country": "USA",
    "effective_date": "2020-08-05",
    "name": "NanoTech Gaming, Inc.",
    "open": "0.002",
    "percent_change": "50.0"
  },
  {
    "ticker": "COGLF",
    "close": "0.004",
    "country": "USA",
    "effective_date": "2020-08-05",
    "name": "Chelsea Oil and Gas Ltd.",
    "open": "0.0026",
    "percent_change": "53.846153846153854"
  },
  {
    "ticker": "BWVI",
    "close": "0.055",
    "country": "USA",
    "effective_date": "2020-08-05",
    "name": "Blue Water Ventures International, Inc.",
    "open": "0.035",
    "percent_change": "57.14285714285713"
  },
  {
    "ticker": "SGLRF",
    "close": "0.0011",
    "country": "USA",
    "effective_date": "2020-08-05",
    "name": "Spyglass Resources Corp.",
    "open": "7.0E-4",
    "percent_change": "57.14285714285715"
  },
  {
    "ticker": "ZMSPF",
    "close": "0.0096",
    "country": "USA",
    "effective_date": "2020-08-05",
    "name": "Zecotek Photonics Inc",
    "open": "0.006",
    "percent_change": "59.99999999999998"
  },
  {
    "ticker": "ENDO",
    "close": "0.006",
    "country": "USA",
    "effective_date": "2020-08-05",
    "name": "Omnicanna Health Solutions, Inc.",
    "open": "0.0037",
    "percent_change": "62.162162162162154"
  },
  {
    "ticker": "ABBY",
    "close": "0.005",
    "country": "USA",
    "effective_date": "2020-08-05",
    "name": "Abby Inc.",
    "open": "0.003",
    "percent_change": "66.66666666666667"
  },
  {
    "ticker": "AVRN",
    "close": "0.0035",
    "country": "USA",
    "effective_date": "2020-08-05",
    "name": "Avra Inc.",
    "open": "0.002",
    "percent_change": "75.0"
  },
  {
    "ticker": "VNUE",
    "close": "3.5E-4",
    "country": "USA",
    "effective_date": "2020-08-05",
    "name": "VNUE, Inc.",
    "open": "2.0E-4",
    "percent_change": "75.0"
  },
  {
    "ticker": "GRCO",
    "close": "0.019",
    "country": "USA",
    "effective_date": "2020-08-05",
    "name": "Greenbelt Resources Corporation",
    "open": "0.01015",
    "percent_change": "87.192118226601"
  },
  {
    "ticker": "BEMG",
    "close": "0.0096",
    "country": "USA",
    "effective_date": "2020-08-05",
    "name": "Beta Music Group, Inc.",
    "open": "0.0051",
    "percent_change": "88.23529411764703"
  },
  {
    "ticker": "LYDIF",
    "close": "0.02",
    "country": "USA",
    "effective_date": "2020-08-05",
    "name": "Lydian International Limited",
    "open": "0.0105",
    "percent_change": "90.47619047619047"
  }
]